제목,작성자,등록일,내용
"""너희들만은 굶지 않기를…"" 어릴적 결핍의 기억을 기부로",이선화 / 스포츠문화부 기자 | 해당 기자의 기사 구독신청 구독해지 ,수정 2021-12-18 20:50,"
Video Player is loading.Play Video재생 (enter, space)스트리밍 유형Live Broadcast0:00로드됨: 0%0:00진행: 0%2:10음소거 (m)음소거 (m)전체 화면 (f)This is a modal window.Beginning of dialog window. Escape will cancel and close the window.TextColorWhiteBlackRedGreenBlueYellowMagentaCyanTransparencyOpaqueSemi-TransparentBackgroundColorBlackWhiteRedGreenBlueYellowMagentaCyanTransparencyOpaqueSemi-TransparentTransparentWindowColorBlackWhiteRedGreenBlueYellowMagentaCyanTransparencyTransparentSemi-TransparentOpaqueFont Size50%75%100%125%150%175%200%300%400%Text Edge StyleNoneRaisedDepressedUniformDropshadowFont FamilyProportional Sans-SerifMonospace Sans-SerifProportional SerifMonospace SerifCasualScriptSmall CapsReset restore all settings to the default valuesDoneClose Modal DialogEnd of dialog window.     죄송합니다  연결 시간을 초과하였습니다. 새로 고침 후 이용해 주세요.  닫기  NOW PLAYING 다시보기  키보드 컨트롤 안내[앵커]전쟁 속 책 한 권 보기 힘들었던 기억, 가난으로 일주일을 굶은 기억. 어릴적 어려웠던 기억을 기부의 계기로 삼은 어른들이 있습니다. 이 나눔에는, 그들의 인생이 담겨있습니다.이선화 기자가 보도합니다.[기자]""보내주신 책으로 멋진 꿈을 키웠습니다.""""한번 읽고 또 한 번 읽었습니다.""26년 전 한국청소년도서재단 이성원 이사장이 학생들에게서 받은 편지들입니다.어느덧 30년을 향해가는 '책 보내기 운동'.시작은 한국전쟁 뒤 자신이 겪었던 '결핍'이었습니다.[이성원 : 그런 생활을 아주 결핍 속에 했지. (책 보내기는) 나로서는 아주 어렵게 생활하고서 처음으로 내가 하고 싶은 일을 한 거예요.]그동안 초중고와 군부대에 보낸 책만 15만여 권.[이성원 : 출판사에서 기부해준단 말도 오고. 일체 안 받았어요. 난 내가 즐거워서 하는 건데. 우리 돈만으로 순수하게. 우리 두 사람이 책도 고르고, 고른 책을 사서 보내주고.]이제는 구순을 바라보는 이 이사장, 나눔의 삶을 살아보지 못했다면 무척 허망했을 것이라고 말합니다.[이성원 : 내가 조금 일찍 죽어서 그런 일을 안 하고 죽었으면 얼마나 억울할까…]지난 30년간 낮에는 환경미화원, 밤에는 농사를 지어온 이광동씨 부부.10년 가까이 매년 직접 농사지은 쌀을 기부해왔습니다.계기는 역시 어린 시절의 어려운 기억이었습니다.[이광동 : (제가) 일주일씩이나 굶어보기도 하고. 엄청 가난하게 살다 보니까… 너무 어렵게 살았어요.]농사가 올해 잘 됐다는 이씨 부부.10kg짜리 28포대와 라면 예순 상자를 어려운 이웃에게 나눌 수 있었습니다.[이광동 : 이렇게 흐뭇할 수가 없어요.][서애순 : 수술을 많이 해서 허리도 아프고 다리도 아픈데. 좋은 일 하니까 힘든지도 모르네 아파도. 마음이 따뜻해요 많지는 않지만.]결핍의 기억을 나눔으로 승화시킨 사람들.누구보다도 꽉 채워진 삶을 살고 있었습니다.(영상그래픽 : 한영주)
"
"""스릴 넘쳤다"" 황선우, 세계수영선수권 금메달 쾌거",김서연 / 경제산업부 기자 | 해당 기자의 기사 구독신청 구독해지 ,수정 2021-12-18 19:47,"
[앵커]박태환의 뒤를 잇는 우리 수영의 간판 황선우가 세계선수권에서 금메달을 목에 걸었습니다. 자신의 첫 메이저대회 금메달이자, 쇼트코스 세계선수권대회에서 박태환 이후 무려 5년 만에 한국 수영이 거둔 쾌거였습니다.김서연 기자가 보도합니다.[기자]총성과 함께 5번 레인으로 뛰어든 황선우.150m 구간까지 3위에 머물렀지만, 이때부터 폭발적인 막판 스퍼트가 빛을 발합니다.그리고 승부처인 마지막 25m 지점.세 선수가 그야말로 한 치 앞을 내다볼 수 없는 승부를 벌였지만, 가장 먼저 터치패드를 찍은 건 황선우였습니다.1분41초60.2위 선수보다 단 0.03초 앞선 짜릿한 대역전극이었습니다.경기에 집중한 나머지, 황선우는 한참 뒤 전광판을 보고 나서야 주먹을 불끈 쥐었습니다.이번 금메달은 황선우의 메이저대회 첫 금메달입니다.특히 우리나라 선수가 쇼트코스 세계수영선수권에서 우승을 차지한 건 지난 2016년 박태환 이후 5년 만입니다.박태환은 자유형 400m와 200m, 1500m 모두 금메달을 따내며 3관왕에 오른 바 있습니다.국제수영연맹도 ""박태환 이후 5년 만에 한국의 시간이 돌아왔다""고 이 경기를 자세히 소개했습니다.[황선우/서울체고 : 기분이 아주 좋은 경기였습니다. 세계선수권 200m 자유형에서 제가 해냈습니다. 정말 행복합니다.]황선우는 오늘 밤 개인혼영 100m 예선에 나섭니다.(*저작권 관계로 방송 영상은 서비스하지 않습니다.)
"
[백브리핑] '후보 가족 리스크' 엄호…역대급 내로남불,박진규 / 주말취재부 기자 | 해당 기자의 기사 구독신청 구독해지 ,수정 2021-12-18 21:33,"
Video Player is loading.Play Video재생 (enter, space)스트리밍 유형Live Broadcast0:00로드됨: 0%진행: 0%0:00음소거 (m)음소거 (m)전체 화면 (f)This is a modal window.Beginning of dialog window. Escape will cancel and close the window.TextColorWhiteBlackRedGreenBlueYellowMagentaCyanTransparencyOpaqueSemi-TransparentBackgroundColorBlackWhiteRedGreenBlueYellowMagentaCyanTransparencyOpaqueSemi-TransparentTransparentWindowColorBlackWhiteRedGreenBlueYellowMagentaCyanTransparencyTransparentSemi-TransparentOpaqueFont Size50%75%100%125%150%175%200%300%400%Text Edge StyleNoneRaisedDepressedUniformDropshadowFont FamilyProportional Sans-SerifMonospace Sans-SerifProportional SerifMonospace SerifCasualScriptSmall CapsReset restore all settings to the default valuesDoneClose Modal DialogEnd of dialog window.     죄송합니다  연결 시간을 초과하였습니다. 새로 고침 후 이용해 주세요.  닫기  NOW PLAYING 다시보기  키보드 컨트롤 안내뉴스 스토리텔러 백브리핑 시작합니다.< 역대급 내로남불? > 아니냐 지적 나오고 있죠.이번 주 내내 정치권을 달궜던 이재명 후보와 윤석열 후보의 가족을 둘러싼 의혹들.일단 두 후보 모두 사과는 했는데, 여야, 서로를 향해서 '억지로 한 사과', '선택적으로 한 사과'라면서 깎아내리고 있죠.[조승래/더불어민주당 수석대변인 (오늘) : 한마디로 '개사과 시즌2'입니다. 왜 이런 억지 사과를 3일 내내 지속하는 것일까요?][이준석/국민의힘 대표 (SBS '김태현의 정치쇼' (어제)) : 꼬리자르기식 선제적 사과 아니었냐.]대선 후보 지원 사격을 위해 여야 정치인들도 총력을 기울인 한 주였죠.'우리 쪽 의혹보다 상대편 의혹이 더 큰 문제다, 더 심각한 문제다' 서로 날을 세웠습니다.[조응천/더불어민주당 의원 (CBS 라디오 '김현정의 뉴스쇼' (어제)) : 선출직의 배우자는 공적인 영역에서 직접 활동을 하잖아요. 배우자는 굉장히 검증을 좀 세게 받아야 한다고 생각하죠. 권력의 크기가 본인, 그다음 배우자. 자녀는 사실은 권력이라는 게 있을 수가 없는 것이죠.][김재원/국민의힘 최고위원 (KBS '최경영의 최강시사' (지난 16일) : 이거(이재명 후보 아들 의혹)는 지금 김건희 씨의 부주의한 이력서 기재와는 차원이 다른 현재 진행되고 있던 범죄행위거든요. (이거는 범죄다?) ""이거는 범죄일 수밖에 없는 것이 상습도박에 게시한 글만 200여 건인데요. (김건희 씨는 수사는 필요하지 않다?) ""수사 대상이 안 되죠.]정치권은 의혹의 당사자들을 대신해서 해명에도 적극 나섰는데요.현근택 민주당 선대위 대변인은 이재명 후보 장남 불법 도박 의혹에 대해선 ""500만 원이 실제로 현금으로 500이냐, 이거는 따져봐야 한다"", ""게임머니라는 말도 있다"" 유사성행위가 이뤄지는 마사지 업소 후기글에 대해선 ""후기를 남겼다고 해서 반드시 갔느냐…"", ""친구들에게 들었을 수도 있는 것"" 엄호에 나서기도 했습니다.반면 김재원 국민의힘 최고위원은 김건희씨 허위 경력 의혹을 ""조금 근사하게 쓴 것""이라고 말했죠.[김재원/국민의힘 최고위원 (SBS '이재익의 시사특공대' (어제)) : 김건희 씨 표현대로 조금 돋보이게 썼다 (제목을 좀 근사하게 썼다 이거죠?) 네, 제목을 좀 근사하게 썼는데 표현을 부풀리는 것이 채용이나 결정에는 아무 영향이 없는 것이, 왜냐하면 증빙으로 다 증명이 됐기 때문에 그래요.]하지만 누가 발급해 준 건지 미스터리인 게임산업협회 재직증명서 등은 아직 결론이 나지 않았습니다.자, 그런데 이런 상황에서 여야 모두 딱 죽이 맞는 건 하나 있습니다.서로를 향해 '기획', '공작'을 하고 있다고 '음모론'을 주장하는 거죠.그러기엔 밝혀진 사실들이 너무 많다는 게 문제긴 한데, 어쨌든 이렇게 서로를 향해 손가락질을 합니다.[성일종/국민의힘 의원 (CBS 라디오 '김현정의 뉴스쇼' (어제)) : 보도하고 나니까 '이게 증거입니다'하면서 바로 민주당 의원들이 이력서에서부터 대학의 이름까지 대면서 하더라 이거예요. 분명히 이 정보력을 갖고 있는 여권의 기획된 의도가 아니었겠나.]그런데 김건희씨 허위 경력 논란이 이번에 처음 불거진 건 아니죠.민주당에선 이런 발언 나왔습니다.[김남국/더불어민주당 의원 (MBC '김종배의 시선집중' (어제) : 택시기사님이 강남에서 손님을 한 명 태웠는데 그 손님이 윤석열 후보 캠프의 사람이었던 것으로 그렇게 이야기하더라고요. (이재명 후보) 아들 문제를 터뜨려서 이 사건(김건희씨 의혹)을 충분히 덮고 한방에 보내버릴 수 있다는 전화 통화를 했다고 하면서…]통화하는 걸 들었다는 제보, 과연 검증이 가능한 내용일까요.역대급 비호감 대선일 거라던 우려가 점점 현실로 바뀌고 있습니다.오늘(18일) 백브리핑은 여기까지입니다.
"
"""학교서 총기 난사할 것"" 틱톡 테러 예고…공포에 떤 교실",홍희정 / 국제외교안보부 기자 | 해당 기자의 기사 구독신청 구독해지 ,수정 2021-12-18 19:45,"
Video Player is loading.Play Video재생 (enter, space)스트리밍 유형Live Broadcast0:00로드됨: 0%진행: 0%0:00음소거 (m)음소거 (m)전체 화면 (f)This is a modal window.Beginning of dialog window. Escape will cancel and close the window.TextColorWhiteBlackRedGreenBlueYellowMagentaCyanTransparencyOpaqueSemi-TransparentBackgroundColorBlackWhiteRedGreenBlueYellowMagentaCyanTransparencyOpaqueSemi-TransparentTransparentWindowColorBlackWhiteRedGreenBlueYellowMagentaCyanTransparencyTransparentSemi-TransparentOpaqueFont Size50%75%100%125%150%175%200%300%400%Text Edge StyleNoneRaisedDepressedUniformDropshadowFont FamilyProportional Sans-SerifMonospace Sans-SerifProportional SerifMonospace SerifCasualScriptSmall CapsReset restore all settings to the default valuesDoneClose Modal DialogEnd of dialog window.     죄송합니다  연결 시간을 초과하였습니다. 새로 고침 후 이용해 주세요.  닫기  NOW PLAYING 다시보기  키보드 컨트롤 안내[앵커]12월 17일 학교에서 총기를 난사할 거라는 테러 예고 영상이 소셜미디어 틱톡을 통해 퍼지면서 미국 사회가 공포에 휩싸였습니다. 총기를 숨겨 들어올까봐 백팩을 금지하거나 아예 휴교를 한 학교도 있을 정도였습니다. 다행히 12월 17일은 무사히 지나갔지만 누가 이런 글을 올린 건지, 당국이 수사에 나섰습니다.홍희정 특파원입니다.[기자]""12월 17일, 나는 학교에서 총기를 난사할 것이다"" 한 학생이 소셜미디어 틱톡에 올린 게시물입니다.더 이상 학교에서 따돌림받고 싶지 않다며 괴롭힘당하는 자신을 아무도 신경 쓰지 않는 상황이 싫다고도 했습니다.""내일 A고등학교 5교시에 총을 쏠 것이다""는 경고 메시지도 퍼졌습니다.학생, 학부모들은 공포에 휩싸였습니다.[새디 캐스트로/초등학교 학생 : 무서웠어요. 그래서 엄마에게 학교를 가고 싶지 않다고 말했어요.][아만다 마르시세/학부모 : 제가 느끼기에 일종의 바이러스 같았어요. 분명 점점 더 심해질 거예요.]급기야 일부 학교들은 휴교를 결정했습니다.보안도 더욱 강화했습니다.학생들에게 총기 소지 위험으로 이날 하루 백팩을 금지하기도 했습니다.[패트리샤 홉킨스/메인 교육구 감독관 : 범죄팀을 꾸려 최악의 상황에 대비할 수 있도록 준비했습니다.]틱톡 측은 트위터를 통해 ""단순 루머일지라도 심각하게 받아들이고 있다""며 수사에 적극 협조 중이라고 밝혔습니다.한편 학교 총기 사고가 계속 이어지며 학교가 안전하지 못하다는 지적도 이어지고 있습니다.지난달 30일 미시건의 한 고등학교에선 재학생이 총기를 난사해 3명이 숨졌습니다.미국 교육통계 센터에 따르면, 지난 2000년부터 2020년까지 20년간 총 팔백여든여섯건의 학교 총기 사고가 발생해 삼백여든세명이 사망했습니다.이 중 초등학교에서만 백일흔다섯건이 발생한 것으로 집계됐습니다.
"
"화이자, 5세 미만 아동 백신 긴급사용승인 신청 연기",김민관 / 국제외교안보부 기자 | 해당 기자의 기사 구독신청 구독해지 ,수정 2021-12-18 20:36,"
Video Player is loading.Play Video재생 (enter, space)스트리밍 유형Live Broadcast0:00로드됨: 0%진행: 0%0:00음소거 (m)음소거 (m)전체 화면 (f)This is a modal window.Beginning of dialog window. Escape will cancel and close the window.TextColorWhiteBlackRedGreenBlueYellowMagentaCyanTransparencyOpaqueSemi-TransparentBackgroundColorBlackWhiteRedGreenBlueYellowMagentaCyanTransparencyOpaqueSemi-TransparentTransparentWindowColorBlackWhiteRedGreenBlueYellowMagentaCyanTransparencyTransparentSemi-TransparentOpaqueFont Size50%75%100%125%150%175%200%300%400%Text Edge StyleNoneRaisedDepressedUniformDropshadowFont FamilyProportional Sans-SerifMonospace Sans-SerifProportional SerifMonospace SerifCasualScriptSmall CapsReset restore all settings to the default valuesDoneClose Modal DialogEnd of dialog window.     죄송합니다  연결 시간을 초과하였습니다. 새로 고침 후 이용해 주세요.  닫기  NOW PLAYING 다시보기  키보드 컨트롤 안내[앵커]5살 미만 어린 아이들에게도 백신이 효과가 있을지 미국 제약사 화이자가 임상시험을 하고 있는데요. 일단 지금까지는 충분한 면역 반응이 나오지 않고 있다고 합니다. 그러면서 5살 미만을 대상으로 한 백신 긴급사용승인 신청도 미뤄졌습니다.김민관 기자입니다.[기자]현재 미국에선 두 살에서 네 살 사이 어린 아이들은 백신 사각지대로 남아있습니다.화이자는 이 나이대 어린이를 대상으로 두 차례 백신 접종 시험을 했습니다.하지만 만족할 만한 면역 반응을 이끌어내지 못했다고 로이터통신 등 외신이 보도했습니다.두 살에서 네 살 어린이를 상대로 한 임상시험에서 3㎍ 용량의 백신을 2차례 접종했는데 10㎍을 맞힌 청소년과 같은 면역 반응이 나타나지 않았다는 겁니다.이 때문에 두 살에서 네 살 어린이를 대상으로 한 백신 긴급사용승인 신청도 미뤄졌습니다.화이자는 임상시험을 계속하겠다고 밝혔습니다.2차 백신 접종일로부터 두 달이 지난 뒤부터 3차 접종을 한다는 계획입니다.다만 당초 계획했던 내년 2분기 접종은 어려울 것으로 보입니다.화이자는 또 새로 나타난 오미크론 변이에 대항하는 백신을 개발하고 있다고 공개했었는데, 이와 관련한 임상시험이 다음 달 시작될 것이라고 밝혔습니다.(영상디자인 : 허성운)
"
[발품뉴스] 레이더 500m 앞 장산마을…제2의 성주 사드 되나,윤정식 / 주말취재부 기자 | 해당 기자의 기사 구독신청 구독해지 ,수정 2021-12-18 19:44,"
Video Player is loading.Play Video재생 (enter, space)스트리밍 유형Live Broadcast0:00로드됨: 0%진행: 0%0:00음소거 (m)음소거 (m)전체 화면 (f)This is a modal window.Beginning of dialog window. Escape will cancel and close the window.TextColorWhiteBlackRedGreenBlueYellowMagentaCyanTransparencyOpaqueSemi-TransparentBackgroundColorBlackWhiteRedGreenBlueYellowMagentaCyanTransparencyOpaqueSemi-TransparentTransparentWindowColorBlackWhiteRedGreenBlueYellowMagentaCyanTransparencyTransparentSemi-TransparentOpaqueFont Size50%75%100%125%150%175%200%300%400%Text Edge StyleNoneRaisedDepressedUniformDropshadowFont FamilyProportional Sans-SerifMonospace Sans-SerifProportional SerifMonospace SerifCasualScriptSmall CapsReset restore all settings to the default valuesDoneClose Modal DialogEnd of dialog window.     죄송합니다  연결 시간을 초과하였습니다. 새로 고침 후 이용해 주세요.  닫기  NOW PLAYING 다시보기  키보드 컨트롤 안내[앵커]최근 부산 해운대에 공군 레이더 시설이 들어섰습니다. 안전 문제 때문에 반경 520m는 출입금지 구역인데 문제는 반경 500m 안에 장산마을이 있다는 겁니다. 그래서 지금 주민들 반발이 상당한 데요. 사드가 들어선 성주의 갈등이 재현될 거란 말도 나옵니다.발품뉴스 윤정식 기자입니다.[기자]구호를 외치는 시민들을 경찰이 연행합니다.피켓을 들면 아이도 예외가 아닙니다.길을 막아선 포크레인은 크레인이 치워버립니다.지난 7일 새벽, 부산 해운대 장산마을 모습입니다.경찰 대오에 밀려 길옆 컨테이너 박스로 몰린 마을 주민들.[밀지 마세요.]이윽고 나타난 국방색 거대한 물체.이스라엘산 조기경보레이더 그린파인입니다.레이더 설치를 반대하는 주민들은 공군이 아무 고지도 없이 기습설치를 감행했다 주장합니다.[장산마을 주민 : 주민들 짓밟는 게 안보라고? 해운대 주민 다 죽이고 어딜 안보로 지키는데?]레이더가 설치되는 곳은 어딜까.여기는 해운대 장산입니다.해발 320m 높이에 와있는데요.제 오른쪽 산꼭대기에 시설이 보입니다.공군 레이더가 들어갈 부지입니다.거기서 직선거리 약 5km에 마린시티와 해운대해수욕장이 있습니다.군부대 아주 가까운 곳에도 여러 시설이 있습니다.[손웅희/부산 해운대구 장산마을 주민 : 저는 500m밖에 안 떨어졌어요. 군 얘기도 520m 안에는 전방 출입금지입니다. 전자파 때문이죠. 마을의 절반, 억새밭, 생태습지도 모두 500m 안에 있어요.]마을 입구를 다시 가봤습니다.기지 공사에 투입된 레미콘 차들은 쉴 새 없이 다니는데 정작 주민은 거의 안 보입니다.같은 시각 해운대구청 앞.[손웅희/부산 해운대구 장산마을 주민 : 앞으로 장산 레이더 철거 투쟁을 이어갈 것을 선언합니다. 장산 레이더 철거하라.]이제 갈등은 장기화 국면의 시작으로 보입니다.주민들은 이곳 상황이 사드가 설치된 경북 성주와 거의 흡사하다고 말합니다.지금 성주는 어떤 상황일까요? 직접 가보겠습니다.동 트기 전, 모여드는 사람들.방명록과 발열 확인 후 확성기와 피켓을 발빠르게 챙깁니다.SU 지금 시간이 새벽 6시40분입니다.사드 레이더기지로 향한 유일한 길을 막는 시위가 준비 중입니다.곧 충돌이 벌어질 수 있어 긴장감이 돌긴 하는데요.올해 들어 84번째 시위입니다.이제 시민들에게 이런 시위는 일상이 됐습니다.[지금 당장 사드 빼라.]하지만 5년 전 사드 레이더가 마을에 처음 들어왔던 때와 달라진 건 없다고 말합니다.[이종희/사드철회 성주주민대책위원장 : 주민들과 충분히 공론화해서 환경권 건강권을 반영하겠다던 대통령 공약도 전혀 이행되지 않고 있습니다.]시위도 잠시.곧바로 투입된 경찰이 주민을 길에서 끌어냅니다.발버둥도 쳐보지만, 소용없습니다.[사람을 짐짝 취급하지 마세요. 경찰관! 사람이 짐짝입니까.]몸싸움 끝에 부상자도 나옵니다.이렇게 정리된 길로, 레이더 공사 장비들이 지나갑니다.전국 각지 레이더 기지에서 벌어지는 갈등 주민들은 그 끝을 알 수 없는 게 가장 두렵다고 말합니다.
"
"초대형 태풍 '라이' 필리핀 강타…""최소 21명 사망""",강현석 / 주말취재부 기자 | 해당 기자의 기사 구독신청 구독해지 ,수정 2021-12-18 19:41,"
Video Player is loading.Play Video재생 (enter, space)스트리밍 유형Live Broadcast0:00로드됨: 0%진행: 0%0:00음소거 (m)음소거 (m)전체 화면 (f)This is a modal window.Beginning of dialog window. Escape will cancel and close the window.TextColorWhiteBlackRedGreenBlueYellowMagentaCyanTransparencyOpaqueSemi-TransparentBackgroundColorBlackWhiteRedGreenBlueYellowMagentaCyanTransparencyOpaqueSemi-TransparentTransparentWindowColorBlackWhiteRedGreenBlueYellowMagentaCyanTransparencyTransparentSemi-TransparentOpaqueFont Size50%75%100%125%150%175%200%300%400%Text Edge StyleNoneRaisedDepressedUniformDropshadowFont FamilyProportional Sans-SerifMonospace Sans-SerifProportional SerifMonospace SerifCasualScriptSmall CapsReset restore all settings to the default valuesDoneClose Modal DialogEnd of dialog window.     죄송합니다  연결 시간을 초과하였습니다. 새로 고침 후 이용해 주세요.  닫기  NOW PLAYING 다시보기  키보드 컨트롤 안내필리핀을 강타한 초대형 태풍 '라이'로 인해 지금까지 최소 21명이 숨졌다고 외신이 보도했습니다.지금 보시는 화면은 필리핀의 유명 관광 도시인 세부 시내의 모습인데요.태풍이 지나간 자리엔 건물 뼈대만 앙상하게 남아 있고, 가로수도 뿌리째 뽑혀 있습니다.태풍이 상륙한 지점인 남부 시아르가오 섬에선 아예 마을이 통째로 물에 잠기는 등 심각한 피해가 났습니다.미국태풍경보센터는 라이의 최대 풍속이 시속 259km에 달해 슈퍼 태풍으로 분류했다고 밝혔습니다.
"
[W] '과체중 할아버지' 산타는 코로나 고위험군…전세계적 구인난,윤설영 / 주말취재부 기자 | 해당 기자의 기사 구독신청 구독해지 ,수정 2021-12-18 19:39,"
Video Player is loading.Play Video재생 (enter, space)스트리밍 유형Live Broadcast0:00로드됨: 0%0:00진행: 0%2:25음소거 (m)음소거 (m)전체 화면 (f)This is a modal window.Beginning of dialog window. Escape will cancel and close the window.TextColorWhiteBlackRedGreenBlueYellowMagentaCyanTransparencyOpaqueSemi-TransparentBackgroundColorBlackWhiteRedGreenBlueYellowMagentaCyanTransparencyOpaqueSemi-TransparentTransparentWindowColorBlackWhiteRedGreenBlueYellowMagentaCyanTransparencyTransparentSemi-TransparentOpaqueFont Size50%75%100%125%150%175%200%300%400%Text Edge StyleNoneRaisedDepressedUniformDropshadowFont FamilyProportional Sans-SerifMonospace Sans-SerifProportional SerifMonospace SerifCasualScriptSmall CapsReset restore all settings to the default valuesDoneClose Modal DialogEnd of dialog window.     죄송합니다  연결 시간을 초과하였습니다. 새로 고침 후 이용해 주세요.  닫기  NOW PLAYING 다시보기  키보드 컨트롤 안내[앵커]요즘 핀란드 산타 마을엔 어린 아이들의 걱정 어린 편지가 쌓이고 있다고 합니다. 오미크론 때문에 산타 할아버지가 입국 못하는 거 아니냐고 묻는 거죠. 그런데 실제로요. 세계적으로 산타 구인난이 심각하다고 합니다. 고령에 넉넉한 체구, 코로나 고위험군이어서 올해는 코로나 무서워 못하겠다고 거절한 산타가 많아서라는데요.월드뉴스W 윤설영 기자가 취재했습니다.[기자]크리스마스를 앞두고 산타클로스 구하기가 하늘의 별 따기 입니다.코로나로 인해 여기저기 산타를 찾는 수요는 많은데 정작 산타는 줄어든 겁니다.산타를 양성하는 산타 학교엔 평소보다 산타를 찾는 곳은 배로 늘었지만, 입학생은 10%가량 줄었습니다.산타의 평균 나이는 60대 중반으로 몸무게는 평균 112kg입니다.고령에 과체중까지 세계보건기구가 경고하는 코로나 고위험군입니다.이렇다 보니 산타도 백화점이나 마트 같은 사람이 많이 모이는 곳을 꺼리게 되는 겁니다.[산타 : 와달라는 200여곳에서 받았지만 거절했습니다. 줌으로 온라인 미팅은 응하겠지만, 밖으로는 안나갈 겁니다.]CNN에 따르면 실제로 지난 한 해 동안 산타 335명이 코로나 등의 질환으로 사망했습니다.때문에 산타들은 백신 접종은 물론이고 주2회 코로나 검사도 받고 있지만 아이들의 콧물이나 기침엔 무방비일 수밖에 없습니다.핀란드 외교부는 최근 ""산타는 예정대로 크리스마스 선물을 배달할 것""이라는 성명을 발표했습니다.오미크론 변이로 각국에서 입국제한이 강화돼 ""산타가 못 오는 것 아니냐""는 아이들의 문의가 잇따르자 산타 마을이 있는 핀란드 정부가 직접 나선 겁니다.핀란드 외교부는 ""특별 외교 교섭을 통해 산타의 썰매는 입국제한 대상에서 면제됐다""면서 ""산타는 물론 우체국에서 일하는 엘프 요정도 백신을 모두 맞았다""고 밝혔습니다.[앤서니 파우치/미국 국립알레르기·전염병연구소장 : ""산타는 선천적으로 면역력이 강합니다. 산타는 아무에게도 감염을 퍼뜨리지 않을 겁니다.]세계보건기구도 산타는 안전하다고 밝혔습니다.[마리아 벤커코프/세계보건기구 코로나기술팀장 : 산타는 면역을 갖고 있습니다. 그러므로 전 세계 아이들은 엄마 아빠 또는 보호자의 말씀을 잘 듣고, 크리스마스 이브에 일찍 잠자리에 들어야 합니다.](영상디자인 : 허성운·황수비)
"
[단독] '돈 다발' 보여주고 '매수 타이밍' 날린 그놈…코인작전 피해 수천억,라정주 / 사회부 기자 | 해당 기자의 기사 구독신청 구독해지 ,수정 2021-12-18 19:38,"
Video Player is loading.Play Video재생 (enter, space)스트리밍 유형Live Broadcast0:00로드됨: 0%진행: 0%0:00음소거 (m)음소거 (m)전체 화면 (f)This is a modal window.Beginning of dialog window. Escape will cancel and close the window.TextColorWhiteBlackRedGreenBlueYellowMagentaCyanTransparencyOpaqueSemi-TransparentBackgroundColorBlackWhiteRedGreenBlueYellowMagentaCyanTransparencyOpaqueSemi-TransparentTransparentWindowColorBlackWhiteRedGreenBlueYellowMagentaCyanTransparencyTransparentSemi-TransparentOpaqueFont Size50%75%100%125%150%175%200%300%400%Text Edge StyleNoneRaisedDepressedUniformDropshadowFont FamilyProportional Sans-SerifMonospace Sans-SerifProportional SerifMonospace SerifCasualScriptSmall CapsReset restore all settings to the default valuesDoneClose Modal DialogEnd of dialog window.     죄송합니다  연결 시간을 초과하였습니다. 새로 고침 후 이용해 주세요.  닫기  NOW PLAYING 다시보기  키보드 컨트롤 안내[앵커]가상화폐 시세를 조종하는 작전세력 문제가 요즘 심각한데요. 저희 취재진이 직접 코인 작전세력의 채팅방에 들어가 취재를 해봤습니다. 그랬더니 '돈다발'을 보여주며 이게 다 수익낸 거라고 속여 회원을 모으고, 매수 타이밍을 거짓으로 알려준 뒤 개미들이 사들여 값이 오르면 매도하고 사라지는 식이었습니다. 그렇게 개인들이 입은 피해만 천억이 넘는 것으로 추산되는데요.라정주 피디가 보도합니다.[기자]개미들에게 코인 투자 정보를 알려준다는 오픈채팅방.누군가 엄청난 수익을 올렸다며 인증사진을 올립니다.돈다발이 수시로 등장합니다.주부 류모 씨는 이 방에서 얻은 코인 정보를 철석같이 믿었습니다.[류모 씨/코인 작전 피해자 : 처음으로 제가 태어나서 사채도 쓰게 됐어요. 아기 아빠 거랑 약관대출보험, 생명(보험)에 있는 거 해지해갖고 거의 이제 4억 7천이 그렇게 해서 된 거고.]현재 류씨의 코인 잔액은 454원.직장인 구모 씨도 여기서 얻은 정보를 철석같이 믿었습니다.[구모 씨/코인 작전 피해자 : 담당자가 대화를 걸어요 또. 그러면 '사장님, 이렇게 한 번 해보세요' 하면서 그 카드론이나 이런 대출 쪽을 계속 유도를 하더라고요. 그니까 모든 걸 다 넣은 것 같아요, 병원비까지]혹시 사기가 아닐까라는 의심이 생길 때마다 솔깃한 정보가 올라왔습니다.유명 연예인이 해당 코인을 만든 회사의 모델이 된다.며칠 후 실제 상황이 됐습니다.[구모 씨/코인 작전 피해자 : TV, 그니까 (유명 연예인) CF나 그리고 인터넷 뉴스, 그리고 드라마 협찬 관련해서 그 시간 몇 시 몇 분에 정확히 딱 나오게 되더라고요.]작전 세력은 우선 개미들의 투자를 유도합니다.코인 가치가 급등하면, 자신들의 코인을 팔아치웠습니다.불과 3~4개의 채팅방에 있던 1천여 명의 개미들이 1천억 원 이상의 피해를 본 걸로 추산됩니다.급기야 경찰이 수사에 나섰지만, 이들은 필리핀으로 잡으러 오라며 비웃기까지 합니다.[코인 작전팀 : 누구를 지금 사기꾼 취급하는데 회원님? 제가 사기꾼이에요? 제가 회원님한테 사기 쳤어요?]문제의 코인 회사는 자신들은 작전세력과 아무 관련이 없다는 입장을 전해왔습니다.(VJ : 남동근, 장지훈 / 영상그래픽 : 김지혜)
"
[크로스체크] 살해범 이석준도 이용…탐정 이름 건 '흥신소',윤재영 / 주말취재부 기자 | 해당 기자의 기사 구독신청 구독해지 ,수정 2021-12-18 20:36,"
Video Player is loading.Play Video재생 (enter, space)스트리밍 유형Live Broadcast0:00로드됨: 0%진행: 0%0:00음소거 (m)음소거 (m)전체 화면 (f)This is a modal window.Beginning of dialog window. Escape will cancel and close the window.TextColorWhiteBlackRedGreenBlueYellowMagentaCyanTransparencyOpaqueSemi-TransparentBackgroundColorBlackWhiteRedGreenBlueYellowMagentaCyanTransparencyOpaqueSemi-TransparentTransparentWindowColorBlackWhiteRedGreenBlueYellowMagentaCyanTransparencyTransparentSemi-TransparentOpaqueFont Size50%75%100%125%150%175%200%300%400%Text Edge StyleNoneRaisedDepressedUniformDropshadowFont FamilyProportional Sans-SerifMonospace Sans-SerifProportional SerifMonospace SerifCasualScriptSmall CapsReset restore all settings to the default valuesDoneClose Modal DialogEnd of dialog window.     죄송합니다  연결 시간을 초과하였습니다. 새로 고침 후 이용해 주세요.  닫기  NOW PLAYING 다시보기  키보드 컨트롤 안내[앵커]신변보호를 받던 여성의 집에 찾아가 그 어머니를 살해한 피의자 이석준은 집 주소를 어떻게 알았냐는 질문에 '흥신소에 50만 원 주고 알아냈다'고 진술했습니다. 돈만 주면 이런 내밀한 개인정보도 알아낼 수 있는 건지 저희 취재진이 직접 흥신소에 접촉을 해봤는데요.'무법지대'라고 해도 과언이 아니었습니다.'탐정'이란 이름 뒤에 숨은 흥신소의 실태, 크로스체크 윤재영 기자가 취재했습니다.[기자]온라인에 광고 중인 한 흥신소.누군가의 주소를 알 수 있는지 물어봤습니다.[A업체 : 이름이랑 핸드폰 번호 알고 계신다고요? 가능하시고 35만원이에요. 오늘 안에 뽑아드릴 수 있고요.][B업체 : 주소 아는 거는 그냥 50만 원 하면 되고요. 실제 있는(사는) 곳 확인까지 하려면 비용은 400만원 정도 들어요.]입만 다물면 문제 될 건 없다고도 합니다.[C업체 : 사모님만 안 말하면 법적으로 문제는 안 되죠. 뭐가 걱정이에요, 지나가다 길에서 봤다 쫓아갔다 하면 되는 건데. 안 그래요?]이름과 생년월일만 갖고 어떻게 주소를 알아낼까.정체불명의 누군가가 또 있었습니다.[D업체 : 우리가 광고를 올리면은 그런 애들이 전화가 와요, 해준다고. 우리는 중간 역할인 거죠.]이번 송파구 살인사건에서 피의자가 의뢰한 흥신소 운영자 역시 텔레그램을 통해 제3자로부터 개인정보를 받았습니다.제3자가 누구인지는 아직 밝혀지지 않았습니다.피해자들은 트라우마에 시달립니다.지난해 흥신소의 위치추적을 당한 A씨는 정신과 진료를 받고 있습니다.[A씨/흥신소 위치추적 피해자 : 제 차에 GPS를 달아가지고…차에서 내려서 어디를 가더라도 두리번두리번 하게 되고 계속 누군가 내 뒤에 누군가 있을 것 같다라는…]경찰에 고소를 했지만 정작 해당 업체를 찾을 수가 없었습니다.[A씨/흥신소 위치추적 피해자 : 형사분이 '의뢰자는 인정을 했는데 실제로 실행한 사람은 부인하고 있다. 그래서 업체를 찾아볼 생각이다' (업체가 안 찾아지는 거예요?) 네, 업체가 없어졌고…]실제 흥신소 홈페이지에 나와 있는 주소로 찾아가 봤습니다.흥신소와는 관련이 없는 업체의 간판이 있습니다.직접 찾아내긴 어려워도, 접근은 너무나도 쉽습니다.한 온라인 카페엔 흥신소 정보를 공유한다는 글과 댓글이 넘쳐납니다.이에 더해 지난해 8월 신용정보법 개정으로 '탐정이 합법화됐다'는 이야기까지 퍼져 있는 상황입니다.민간업체들이 발급하는 이른바 '탐정 자격증' 개수도 최근 급증했습니다.그러나 경찰은 '탐정이 합법화된 것이 아니다'고 선을 긋습니다.애초 '탐정'이라는 용어를 쓰지 못하도록 막아놨던 법을 풀어줬을 뿐이란 겁니다.[선미화/경찰청 수사인재개발계장 : 탐정 활동 자체가 합법화됐다고 시민들이 오해하시는 경우가 많아요. 사실상은 법령이 마련되지 않았고 탐정 활동범위나 영업방식에 대해서 관리감독이 되고 있지 않은 상황…]현재 활동 중인 탐정들은 국가의 관리가 필요하다고 말합니다.[임병수/KCI 한국탐정연맹 대표 : 국가 공권력의 사각지대에서의 수요가 되게 많단 말이에요. 그 부분을 탐정이라는 제도를 통해서 국가가 관리감독을 했으면 그게 이제 법제화인데 그게 안 돼 있으니까 우리나라는 그냥 돈만 주면 '내가 뭐든지 하겠다'…]그러면서 자격증이나 '탐정'과 같은 용어에 현혹되지 말라고도 합니다.[임병수/KCI 한국탐정연맹 대표 : 탐정 활동을 하는데 꼭 지켜야 되는 법, 한 8개에서 10개 법이 있어요. 이러한 것들을 살펴서 정리를 해주는 사람을 찾아야죠.]현재 개수 파악조차 되지 않는 흥신소.무법지대에 남아있다면 피해는 반복될 수 있습니다.(영상디자인 : 조성혜 / 인턴기자 : 신단미)
"
한남대교 차량 전복…남성 운전자 불에 타 숨진 채 발견,조승현 / 내셔널부 기자 | 해당 기자의 기사 구독신청 구독해지 ,수정 2021-12-18 19:37,"
Video Player is loading.Play Video재생 (enter, space)스트리밍 유형Live Broadcast0:00로드됨: 0%진행: 0%0:00음소거 (m)음소거 (m)전체 화면 (f)This is a modal window.Beginning of dialog window. Escape will cancel and close the window.TextColorWhiteBlackRedGreenBlueYellowMagentaCyanTransparencyOpaqueSemi-TransparentBackgroundColorBlackWhiteRedGreenBlueYellowMagentaCyanTransparencyOpaqueSemi-TransparentTransparentWindowColorBlackWhiteRedGreenBlueYellowMagentaCyanTransparencyTransparentSemi-TransparentOpaqueFont Size50%75%100%125%150%175%200%300%400%Text Edge StyleNoneRaisedDepressedUniformDropshadowFont FamilyProportional Sans-SerifMonospace Sans-SerifProportional SerifMonospace SerifCasualScriptSmall CapsReset restore all settings to the default valuesDoneClose Modal DialogEnd of dialog window.     죄송합니다  연결 시간을 초과하였습니다. 새로 고침 후 이용해 주세요.  닫기  NOW PLAYING 다시보기  키보드 컨트롤 안내[앵커]오늘(18일) 새벽 서울 한남대교에서 승용차가 뒤집어진 뒤 불이나 운전자가 숨졌습니다. 대구의 섬유공장에도 화재가 나 3억 원 가까운 재산피해가 났습니다. 주말 사건 사고 소식, 조승현 기자입니다.[기자]뒤집어진 승용차가 시뻘건 불길에 휩싸였습니다.간선도로로 빠지는 분기점에서 승용차가 보행자 신호등과 도로 구조물을 잇달아 들이받은 겁니다.충격으로 뒤집어진 차량에선 불까지 났습니다.[강다영/사고 목격자 : 불이 꽤 크게 나고 있어서 '어 이거 큰일이구나' 생각했었어요.]불은 약 20분 만에 꺼졌지만, 운전석에선 남성 운전자가 숨진 채 발견됐습니다.경찰은 숨진 운전자의 신원을 파악하는 대로 사고가 난 경위를 조사할 예정입니다.+++공장 건물 전체에 불길이 번졌습니다.불똥이 쉴 새 없이 떨어지고, 유리창이 깨지는 소리도 계속해서 들립니다.섬유공장에서 난 불이라 내부엔 불에 잘 타는 물건이 많아, 진화가 쉽지 않았습니다.[대구소방안전본부 관계자 : 이게 아무래도 섬유나 솜 쪽이라서요. 불꽃이 번지는 게 양상이 커서 대응 1단계를 걸고 저희 출동한 것으로 보이는데요.]불이 났을 당시 안에 있던 외국인 노동자 등 28명은 다행히 모두 대피했습니다.이 불로 공장이 절반 넘게 타면서, 2억 8천여만 원의 재산 피해가 났습니다.오늘 새벽 1시 18분쯤엔 서울 금천구 독산동의 한 빌딩 지하 식당에서도 불이 났습니다.경찰과 소방 당국은 식당 안의 전열기가 과열돼 불이 났을 가능성에 무게를 두고 있습니다.(화면제공 : 시청자 강다영·서울소방재난본부·대구소방안전본부)
"
"'스파이더맨', 4일 만에 200만…팬데믹 이후 최단 흥행 기록  ",박정선 / 엔터뉴스팀 기자 | 해당 기자의 기사 구독신청 구독해지 ,수정 2021-12-18 23:02,"
'스파이더맨: 노 웨이 홈' 포스터. 영화 '스파이더맨: 노 웨이 홈(존 왓츠 감독)'이 개봉 4일 차에 누적 관객 수 200만 명을 돌파했다. 이는 코로나19팬데믹 이후 최단 기록이다.영화관입장권 통합전산망에 따르면, '스파이더맨: 노 웨이 홈'은 개봉 4일 차인 18일 오후 3시 기준 누적 관객 수 200만 846명을 기록했다. 팬데믹 이후 최단기간 200만 관객 돌파라는 타이틀을 거머쥐었다.팬데믹 시기 최고 흥행 스코어를 기록한 '다만 악에서 구하소서' 200만 관객 돌파 시점보다 하루 앞선 기록이다. 또한, 존 왓츠 감독의 스파이더맨 시리즈 '스파이더맨: 홈커밍'·'스파이더맨: 파 프롬 홈'과 같은 속도다. 거침없는 흥행세를 이어가고 있는 '스파이더맨: 노 웨이 홈'의 흥행 성적에 관심이 쏠린다.영화 '스파이더맨: 노 웨이 홈'은 정체가 탄로 난 스파이더맨 피터 파커(톰 홀랜드)가 문제를 해결하기 위해 닥터 스트레인지(베네딕트 컴버배치)의 도움을 받던 중 뜻하지 않게 멀티버스가 열리게 되고, 이를 통해 닥터 옥토퍼스(알프리드 몰리나) 등 각기 다른 차원의 숙적들이 나타나며 사상 최악의 위기를 맞게 되는 이야기를 그린 마블 액션 블록버스터다.박정선 엔터뉴스팀 기자 park.jungsun@jtbc.co.kr (콘텐트비즈니스본부)
"
"사과한 윤석열, '김건희 허위경력 인정하나' 묻자 ""노코멘트""",배양진 / 사회부 기자 | 해당 기자의 기사 구독신청 구독해지 ,수정 2021-12-18 18:38,"
Video Player is loading.Play Video재생 (enter, space)스트리밍 유형Live Broadcast0:00로드됨: 0%진행: 0%0:00음소거 (m)음소거 (m)전체 화면 (f)This is a modal window.Beginning of dialog window. Escape will cancel and close the window.TextColorWhiteBlackRedGreenBlueYellowMagentaCyanTransparencyOpaqueSemi-TransparentBackgroundColorBlackWhiteRedGreenBlueYellowMagentaCyanTransparencyOpaqueSemi-TransparentTransparentWindowColorBlackWhiteRedGreenBlueYellowMagentaCyanTransparencyTransparentSemi-TransparentOpaqueFont Size50%75%100%125%150%175%200%300%400%Text Edge StyleNoneRaisedDepressedUniformDropshadowFont FamilyProportional Sans-SerifMonospace Sans-SerifProportional SerifMonospace SerifCasualScriptSmall CapsReset restore all settings to the default valuesDoneClose Modal DialogEnd of dialog window.     죄송합니다  연결 시간을 초과하였습니다. 새로 고침 후 이용해 주세요.  닫기  NOW PLAYING 다시보기  키보드 컨트롤 안내[앵커]그런가 하면 '조국 수사'를 지휘했던 윤석열 후보는 그간 공정을 많이 강조해온 만큼 부인 김건희 씨의 허위 경력 의혹이 적지 않은 타격을 줬다는 분석이 많죠. 어제 직접 사과하기도 했는데 오늘(18일) 기자들이 그 사과가 김 씨의 허위 경력 의혹을 사실로 인정한 것인지 묻자 '노코멘트 하겠다'고 답했습니다.국민의힘 소식은 배양진 기자입니다.[기자]어제 부인 김건희 씨 의혹에 고개를 숙인 윤석열 후보.[윤석열/국민의힘 대선후보 (어제) : 이유 여하를 불문하고 경력 기재가 정확하지 않고 논란을 야기하게 된 것 그 자체만으로도 제가 강조해온 공정과 상식에 맞지 않는 것임을 분명히 말씀드립니다.]맞지 않는 것임을 분명히 말씀드립니다.오늘은 선대위에 참여할 청년 보좌역을 뽑는 면접심사 현장을 찾았습니다.[윤석열/국민의힘 대선후보 : 제가 막연하게 2030 표 받으려는 게 아니라, 여러분들이 이런 정부 디지털화에 참여를 안 하면, 우리나라 정부는 홈페이지 만드는 이런 기술로는 안 돼. 그러니까 여러분들이 필요하다…]30대 장관이 더 많이 나올 거라고도 했습니다.[윤석열/국민의힘 대선후보 : (디지털 플랫폼) 시스템 관리를 가장 잘할 수 있는 사람들이 결국엔 행정 부처를 맡게 되지 않겠나. 그러면 저는 한두 명이 아니라 많이 나올 것으로 생각합니다.]어제 사과가 김건희 씨의 허위 경력 의혹을 사실로 인정한 것인지 묻는 질문엔 답을 하지 않았습니다.[윤석열/국민의힘 대선후보 : 그 부분에 대해서는 노코멘트하겠습니다. 제가 어제 말씀을 드렸고, 또 앞으로 어떤, 나중에 무슨 사안이 생길지도 모르고…]선대위 관계자는 ""윤 후보가 진심을 다해 국민께 사과를 드렸다""라며 ""워낙 많은 의혹을 민주당에서 쏟아내 하나하나 확인해 사과하기 어려운 측면이 있다""고 설명했습니다.국민의힘은 이재명 후보의 아들의 성매매 의혹에 대해선 반대로 공세 수위를 높였습니다.[최지영/국민의힘 중앙여성위원회 차세대여성위원장 (어제) : 마사지업소를 방문한 뒤 속칭 '후기'들을 올린 것으로 확인되었고, 내용은 돈에 비해 서비스가 만족스럽지 않았다거나…]그러면서 해당 글의 작성자가 이 후보의 아들이라고 확인되었다면, 즉시 수사에 착수해야 한다고 주장했습니다.(영상디자인 : 신재훈)
"
"""일찍 가야죠""…다시 멈춰선 일상, 꽁꽁 얼어붙은 상권",여도현 / 사회부 기자 | 해당 기자의 기사 구독신청 구독해지 ,수정 2021-12-18 19:11,"
Video Player is loading.Play Video재생 (enter, space)스트리밍 유형Live Broadcast0:00로드됨: 0%진행: 0%0:00음소거 (m)음소거 (m)전체 화면 (f)This is a modal window.Beginning of dialog window. Escape will cancel and close the window.TextColorWhiteBlackRedGreenBlueYellowMagentaCyanTransparencyOpaqueSemi-TransparentBackgroundColorBlackWhiteRedGreenBlueYellowMagentaCyanTransparencyOpaqueSemi-TransparentTransparentWindowColorBlackWhiteRedGreenBlueYellowMagentaCyanTransparencyTransparentSemi-TransparentOpaqueFont Size50%75%100%125%150%175%200%300%400%Text Edge StyleNoneRaisedDepressedUniformDropshadowFont FamilyProportional Sans-SerifMonospace Sans-SerifProportional SerifMonospace SerifCasualScriptSmall CapsReset restore all settings to the default valuesDoneClose Modal DialogEnd of dialog window.닫기[앵커]강화된 거리두기 첫날이죠. 토요일 밤 도심 풍경은 어떤지 조금 전 눈 소식을 전해드린 홍대 입구로 다시 가보겠습니다. 여도현 기자, 홍대가 딱 일주일 전만 해도 참 많이 붐볐던 것 같은데요. 오늘은 어떻습니까? [기자]지지난 주와 지난주 같은 시간에 정확히 제가 서 있는 이곳을 취재했었는데요.큰길에 사람들이 몰려있는 모습을 볼 수 있었습니다.9시로 시간제한이 생겼지만, 지하철역이 있고 유동인구가 많은 만큼 거리인 만큼 오후 6시 지금 상황은 크게 다르지 않습니다.하지만 9시 이후 밤부턴 지난 주말과는 크게 달라질 것으로 보입니다.벌써부터 모임을 마치고 지하철로 이동하는 사람들을 많이 볼 수 있었습니다.[앵커]낮에는 좀 어땠습니까? 사람들이 많이 있었나요?[기자]제가 오늘 낮부터 이 거리에 있었는데요. 시간제한을 염두에 두고 일찍부터 약속에 나선 시민들을 볼 수 있었습니다.[류상혁/서울 구산동 : 원래는 저녁도 먹으려고 했는데, (영업 마감이) 9시라 너무 늦어지면 안 되니까요.][전건희/서울 신대방동 : 조금 일찍 만나서, 조금 일찍 집에 가는 거로.][김윤영/서울 도곡동 : 원래 6명이 만나려다가 두 명이 못 나오게 됐어요.]시민들 뿐만 아니라 상인들 역시 영업시간을 다시 붙여두거나 아예 영업시간 설명판을 치워버린 곳도 있었습니다.
"
"이재명, 매타버스 잠정 중단…아들 의혹 확산에 숨 고르기 성격도",이윤석 / 정치부 기자 | 해당 기자의 기사 구독신청 구독해지 ,수정 2021-12-18 18:33,"
Video Player is loading.Play Video재생 (enter, space)스트리밍 유형Live Broadcast0:00로드됨: 0%진행: 0%0:00음소거 (m)음소거 (m)전체 화면 (f)This is a modal window.Beginning of dialog window. Escape will cancel and close the window.TextColorWhiteBlackRedGreenBlueYellowMagentaCyanTransparencyOpaqueSemi-TransparentBackgroundColorBlackWhiteRedGreenBlueYellowMagentaCyanTransparencyOpaqueSemi-TransparentTransparentWindowColorBlackWhiteRedGreenBlueYellowMagentaCyanTransparencyTransparentSemi-TransparentOpaqueFont Size50%75%100%125%150%175%200%300%400%Text Edge StyleNoneRaisedDepressedUniformDropshadowFont FamilyProportional Sans-SerifMonospace Sans-SerifProportional SerifMonospace SerifCasualScriptSmall CapsReset restore all settings to the default valuesDoneClose Modal DialogEnd of dialog window.닫기[앵커]정치권 소식입니다. 이재명 후보가 '매주 타는 버스' 매타버스 운행을 이번 주말 돌연 중단했습니다. 표면적인 이유는 코로나 상황이 심각하고 부스터샷을 맞아 휴식을 취해야 한다는 거였는데요. 아들의 도박과 성매매 의혹을 둘러싼 논란이 커진 상황에서, '숨 고르기' 성격도 있어 보입니다.먼저 민주당 소식부터, 이윤석 기자가 전해드립니다.[기자]이재명 후보는 이틀 전, 아들의 불법 도박 의혹이 알려진 직후 사과의 뜻을 밝혔습니다.[이재명/더불어민주당 대선후보 (지난 16일) : 국민 여러분께 매우 죄송하다는 말씀 다시 한번 드리고, 깊이 사죄드립니다.]이튿날엔 직접 나서 해명하기도 했습니다.[이재명/더불어민주당 대선후보 (어제) : (성매매 관련 의심스러운 부분이 있다.) 저도 알 수 없는 일이긴 한데, 본인이 맹세코 아니라고 하니 부모 입장에서는 믿을 수밖에 없는 상황입니다.]이 후보 측은 후보의 적극적인 사과를 국민이 받아들일 것이라고 기대했습니다.동시에 윤석열 국민의힘 후보가 취재진 질문을 피하고 있다는 점을 강조했습니다.윤 후보의 '아내 허위 경력'에 대한 사과는 진심이 담긴 사과가 아니었다는 겁니다.[조승래/더불어민주당 선대위 수석대변인 : 기자들의 질문을 뒤로하고 자신은 '하라는 사과를 했으니 더 이상 묻지 말라'는 귀찮음과 짜증이 묻어났습니다.]이 후보 측은 앞으로 정책 쪽에 더 집중하겠다는 구상입니다.후보 아들을 둘러싼 각종 의혹 확산을 차단하고, 정책 논쟁으로 방향을 바꾸겠다는 전략입니다.이 후보는 '다주택자 양도세 중과 유예' 등을 놓고 청와대와 갈등을 빚고 있는 상황입니다.정권교체 여론이 높은 상황에서, 이 후보 측은 ""이재명으로 바뀌는 것도 사실상 정권교체""라며 부동산 정책 등에서 당청과 각을 세워 왔습니다.민주당은 다음 주 의원총회를 열고 부동산 정책 등을 논의합니다.이 과정에서 적지 않은 진통이 예상됩니다.
"
